World Localities
World Localities > Africa
World Localities > Africa > Eastern Africa
World Localities > Africa > Eastern Africa > Ethiopia
World Localities > Africa > Eastern Africa > Kenya
World Localities > Africa > Eastern Africa > Kenya > Nairobi
World Localities > Africa > Eastern Africa > Madagascar
World Localities > Africa > Eastern Africa > Malawi
World Localities > Africa > Eastern Africa > Mozambique
World Localities > Africa > Eastern Africa > Rwanda
World Localities > Africa > Eastern Africa > Somalia
World Localities > Africa > Eastern Africa > Tanzania
World Localities > Africa > Eastern Africa > Uganda
World Localities > Africa > Eastern Africa > Zambia
World Localities > Africa > Eastern Africa > Zimbabwe
World Localities > Africa > Eastern Africa > Zimbabwe > Harare
World Localities > Africa > Middle Africa
World Localities > Africa > Middle Africa > Angola
World Localities > Africa > Middle Africa > Cameroon
World Localities > Africa > Middle Africa > Chad
World Localities > Africa > Middle Africa > Congo (DR)
World Localities > Africa > Middle Africa > Congo (DR) > Kinshasa
World Localities > Africa > Northern Africa
World Localities > Africa > Northern Africa > Algeria
World Localities > Africa > Northern Africa > Egypt
World Localities > Africa > Northern Africa > Egypt > Cairo
World Localities > Africa > Northern Africa > Libya
World Localities > Africa > Northern Africa > Morocco
World Localities > Africa > Northern Africa > Sudan
World Localities > Africa > Northern Africa > Tunisia
World Localities > Africa > Southern Africa
World Localities > Africa > Southern Africa > Botswana
World Localities > Africa > Southern Africa > South Africa
World Localities > Africa > Southern Africa > South Africa > Cape Town
World Localities > Africa > Southern Africa > South Africa > Johannesburg
World Localities > Africa > Western Africa
World Localities > Africa > Western Africa > Burkina Faso
World Localities > Africa > Western Africa > Côte d'Ivoire
World Localities > Africa > Western Africa > Ghana
World Localities > Africa > Western Africa > Mali
World Localities > Africa > Western Africa > Niger
World Localities > Africa > Western Africa > Nigeria
World Localities > Africa > Western Africa > Nigeria > Lagos
World Localities > Africa > Western Africa > Senegal
World Localities > Asia
World Localities > Asia > Central Asia
World Localities > Asia > Central Asia > Kazakhstan
World Localities > Asia > Central Asia > Kyrgyzstan
World Localities > Asia > Central Asia > Tajikistan
World Localities > Asia > Central Asia > Turkmenistan
World Localities > Asia > Central Asia > Uzbekistan
World Localities > Asia > East Asia
World Localities > Asia > East Asia > China
World Localities > Asia > East Asia > China > Eastern China
World Localities > Asia > East Asia > China > Eastern China > Jiangsu
World Localities > Asia > East Asia > China > Eastern China > Jiangsu > Nanjing
World Localities > Asia > East Asia > China > Eastern China > Shanghai
World Localities > Asia > East Asia > China > Eastern China > Zhejiang
World Localities > Asia > East Asia > China > Eastern China > Zhejiang > Hangzhou
World Localities > Asia > East Asia > China > North Central China
World Localities > Asia > East Asia > China > North Central China > Beijing
World Localities > Asia > East Asia > China > North Central China > Hebei
World Localities > Asia > East Asia > China > North Central China > Henan
World Localities > Asia > East Asia > China > North Central China > Inner Mongolia
World Localities > Asia > East Asia > China > North Central China > Shandong
World Localities > Asia > East Asia > China > North Central China > Shanxi
World Localities > Asia > East Asia > China > North Central China > Tianjin
World Localities > Asia > East Asia > China > Northeast China
World Localities > Asia > East Asia > China > Northeast China > Heilongjiang
World Localities > Asia > East Asia > China > Northeast China > Heilongjiang > Harbin
World Localities > Asia > East Asia > China > Northeast China > Jilin
World Localities > Asia > East Asia > China > Northeast China > Jilin > Changchun
World Localities > Asia > East Asia > China > Northeast China > Liaoning
World Localities > Asia > East Asia > China > Northeast China > Liaoning > Shenyang
World Localities > Asia > East Asia > China > Northwest China
World Localities > Asia > East Asia > China > Northwest China > Gansu
World Localities > Asia > East Asia > China > Northwest China > Ningxia
World Localities > Asia > East Asia > China > Northwest China > Qinghai
World Localities > Asia > East Asia > China > Northwest China > Shaanxi
World Localities > Asia > East Asia > China > Northwest China > Shaanxi > Xi'an
World Localities > Asia > East Asia > China > Northwest China > Xinjiang
World Localities > Asia > East Asia > China > South Central China
World Localities > Asia > East Asia > China > South Central China > Anhui
World Localities > Asia > East Asia > China > South Central China > Chongqing
World Localities > Asia > East Asia > China > South Central China > Hubei
World Localities > Asia > East Asia > China > South Central China > Hubei > Wuhan
World Localities > Asia > East Asia > China > South Central China > Hunan
World Localities > Asia > East Asia > China > South Central China > Jiangxi
World Localities > Asia > East Asia > China > South Central China > Sichuan
World Localities > Asia > East Asia > China > South Central China > Sichuan > Chengdu
World Localities > Asia > East Asia > China > Southeast China
World Localities > Asia > East Asia > China > Southeast China > Fujian
World Localities > Asia > East Asia > China > Southeast China > Guangdong
World Localities > Asia > East Asia > China > Southeast China > Guangdong > Dongguan
World Localities > Asia > East Asia > China > Southeast China > Guangdong > Guangzhou
World Localities > Asia > East Asia > China > Southeast China > Guangdong > Shenzhen
World Localities > Asia > East Asia > China > Southeast China > Hainan
World Localities > Asia > East Asia > China > Southwest China
World Localities > Asia > East Asia > China > Southwest China > Guangxi
World Localities > Asia > East Asia > China > Southwest China > Guizhou
World Localities > Asia > East Asia > China > Southwest China > Tibet
World Localities > Asia > East Asia > China > Southwest China > Yunnan
World Localities > Asia > East Asia > Hong Kong
World Localities > Asia > East Asia > Japan
World Localities > Asia > East Asia > Japan > Chubu
World Localities > Asia > East Asia > Japan > Chubu > Aichi
World Localities > Asia > East Asia > Japan > Chubu > Aichi > Nagoya
World Localities > Asia > East Asia > Japan > Chubu > Fukui
World Localities > Asia > East Asia > Japan > Chubu > Gifu
World Localities > Asia > East Asia > Japan > Chubu > Ishikawa
World Localities > Asia > East Asia > Japan > Chubu > Nagano
World Localities > Asia > East Asia > Japan > Chubu > Niigata
World Localities > Asia > East Asia > Japan > Chubu > Shizuoka
World Localities > Asia > East Asia > Japan > Chubu > Toyama
World Localities > Asia > East Asia > Japan > Chubu > Yamanashi
World Localities > Asia > East Asia > Japan > Chugoku
World Localities > Asia > East Asia > Japan > Chugoku > Hiroshima
World Localities > Asia > East Asia > Japan > Chugoku > Okayama
World Localities > Asia > East Asia > Japan > Chugoku > Shimane
World Localities > Asia > East Asia > Japan > Chugoku > Tottori
World Localities > Asia > East Asia > Japan > Chugoku > Yamaguchi
World Localities > Asia > East Asia > Japan > Hokkaido
World Localities > Asia > East Asia > Japan > Hokkaido > Sapporo
World Localities > Asia > East Asia > Japan > Kansai
World Localities > Asia > East Asia > Japan > Kansai > Hyogo
World Localities > Asia > East Asia > Japan > Kansai > Hyogo > Kobe
World Localities > Asia > East Asia > Japan > Kansai > Kyoto
World Localities > Asia > East Asia > Japan > Kansai > Mie
World Localities > Asia > East Asia > Japan > Kansai > Nara
World Localities > Asia > East Asia > Japan > Kansai > Osaka
World Localities > Asia > East Asia > Japan > Kansai > Shiga
World Localities > Asia > East Asia > Japan > Kansai > Wakayama
World Localities > Asia > East Asia > Japan > Kanto
World Localities > Asia > East Asia > Japan > Kanto > Chiba
World Localities > Asia > East Asia > Japan > Kanto > Gunma
World Localities > Asia > East Asia > Japan > Kanto > Ibaraki
World Localities > Asia > East Asia > Japan > Kanto > Kanagawa
World Localities > Asia > East Asia > Japan > Kanto > Kanagawa > Kawasaki
World Localities > Asia > East Asia > Japan > Kanto > Kanagawa > Yokohama
World Localities > Asia > East Asia > Japan > Kanto > Saitama
World Localities > Asia > East Asia > Japan > Kanto > Tochigi
World Localities > Asia > East Asia > Japan > Kanto > Tokyo
World Localities > Asia > East Asia > Japan > Kyushu
World Localities > Asia > East Asia > Japan > Kyushu > Fukuoka
World Localities > Asia > East Asia > Japan > Kyushu > Kagoshima
World Localities > Asia > East Asia > Japan > Kyushu > Kumamoto
World Localities > Asia > East Asia > Japan > Kyushu > Miyazaki
World Localities > Asia > East Asia > Japan > Kyushu > Nagasaki
World Localities > Asia > East Asia > Japan > Kyushu > Oita
World Localities > Asia > East Asia > Japan > Kyushu > Saga
World Localities > Asia > East Asia > Japan > Okinawa
World Localities > Asia > East Asia > Japan > Shikoku
World Localities > Asia > East Asia > Japan > Shikoku > Ehime
World Localities > Asia > East Asia > Japan > Shikoku > Kagawa
World Localities > Asia > East Asia > Japan > Shikoku > Kochi
World Localities > Asia > East Asia > Japan > Shikoku > Tokushima
World Localities > Asia > East Asia > Japan > Tohoku
World Localities > Asia > East Asia > Japan > Tohoku > Akita
World Localities > Asia > East Asia > Japan > Tohoku > Aomori
World Localities > Asia > East Asia > Japan > Tohoku > Fukushima
World Localities > Asia > East Asia > Japan > Tohoku > Iwate
World Localities > Asia > East Asia > Japan > Tohoku > Miyagi
World Localities > Asia > East Asia > Japan > Tohoku > Miyagi > Sendai
World Localities > Asia > East Asia > Japan > Tohoku > Yamagata
World Localities > Asia > East Asia > Macau
World Localities > Asia > East Asia > Mongolia
World Localities > Asia > East Asia > North Korea
World Localities > Asia > East Asia > South Korea
World Localities > Asia > East Asia > South Korea > Gangwon
World Localities > Asia > East Asia > South Korea > Gyeonggi
World Localities > Asia > East Asia > South Korea > Gyeonggi > Incheon
World Localities > Asia > East Asia > South Korea > Jeju
World Localities > Asia > East Asia > South Korea > North Chungcheong
World Localities > Asia > East Asia > South Korea > North Gyeongsang
World Localities > Asia > East Asia > South Korea > North Gyeongsang > Daegu
World Localities > Asia > East Asia > South Korea > North Jeolla
World Localities > Asia > East Asia > South Korea > Seoul
World Localities > Asia > East Asia > South Korea > South Chungcheong
World Localities > Asia > East Asia > South Korea > South Chungcheong > Daejeon
World Localities > Asia > East Asia > South Korea > South Gyeongsang
World Localities > Asia > East Asia > South Korea > South Gyeongsang > Busan
World Localities > Asia > East Asia > South Korea > South Gyeongsang > Ulsan
World Localities > Asia > East Asia > South Korea > South Jeolla
World Localities > Asia > East Asia > South Korea > South Jeolla > Gwangju
World Localities > Asia > East Asia > Taiwan
World Localities > Asia > East Asia > Taiwan > Hsinchu
World Localities > Asia > East Asia > Taiwan > Kaohsiung
World Localities > Asia > East Asia > Taiwan > Taichung
World Localities > Asia > East Asia > Taiwan > Tainan
World Localities > Asia > East Asia > Taiwan > Taipei
World Localities > Asia > Russia & CIS
World Localities > Asia > Russia & CIS > Caucasus
World Localities > Asia > Russia & CIS > Caucasus > Armenia
World Localities > Asia > Russia & CIS > Caucasus > Azerbaijan
World Localities > Asia > Russia & CIS > Caucasus > Georgia
World Localities > Asia > Russia & CIS > Russian Federation
World Localities > Asia > Russia & CIS > Russian Federation > Far Eastern Russia
World Localities > Asia > Russia & CIS > Russian Federation > North Caucasian District
World Localities > Asia > Russia & CIS > Russian Federation > Northwestern Russia
World Localities > Asia > Russia & CIS > Russian Federation > Northwestern Russia > Saint Petersburg
World Localities > Asia > Russia & CIS > Russian Federation > Russian Central District
World Localities > Asia > Russia & CIS > Russian Federation > Russian Central District > Moscow
World Localities > Asia > Russia & CIS > Russian Federation > Russian Southern District
World Localities > Asia > Russia & CIS > Russian Federation > Siberian Federal District
World Localities > Asia > Russia & CIS > Russian Federation > Urals District
World Localities > Asia > Russia & CIS > Russian Federation > Volga District
World Localities > Asia > South Asia
World Localities > Asia > South Asia > Afghanistan
World Localities > Asia > South Asia > Bangladesh
World Localities > Asia > South Asia > Bangladesh > Dhaka
World Localities > Asia > South Asia > Bhutan
World Localities > Asia > South Asia > India
World Localities > Asia > South Asia > India > East India
World Localities > Asia > South Asia > India > East India > Bihar
World Localities > Asia > South Asia > India > East India > Chhattisgarh
World Localities > Asia > South Asia > India > East India > Orissa
World Localities > Asia > South Asia > India > East India > West Bengal
World Localities > Asia > South Asia > India > East India > West Bengal > Kolkata
World Localities > Asia > South Asia > India > North India
World Localities > Asia > South Asia > India > North India > Delhi
World Localities > Asia > South Asia > India > North India > Madhya Pradesh
World Localities > Asia > South Asia > India > North India > Punjab (India)
World Localities > Asia > South Asia > India > North India > Uttar Pradesh
World Localities > Asia > South Asia > India > North India > Uttar Pradesh > Agra
World Localities > Asia > South Asia > India > Northeast India
World Localities > Asia > South Asia > India > South India
World Localities > Asia > South Asia > India > South India > Andhra Pradesh
World Localities > Asia > South Asia > India > South India > Karnataka
World Localities > Asia > South Asia > India > South India > Karnataka > Bangalore
World Localities > Asia > South Asia > India > South India > Kerala
World Localities > Asia > South Asia > India > South India > Kerala > Cochin
World Localities > Asia > South Asia > India > South India > Tamil Nadu
World Localities > Asia > South Asia > India > South India > Tamil Nadu > Chennai
World Localities > Asia > South Asia > India > South India > Telangana
World Localities > Asia > South Asia > India > South India > Telangana > Hyderabad
World Localities > Asia > South Asia > India > West India
World Localities > Asia > South Asia > India > West India > Goa
World Localities > Asia > South Asia > India > West India > Gujarat
World Localities > Asia > South Asia > India > West India > Gujarat > Ahmedabad
World Localities > Asia > South Asia > India > West India > Maharashtra
World Localities > Asia > South Asia > India > West India > Maharashtra > Mumbai
World Localities > Asia > South Asia > India > West India > Maharashtra > Pune
World Localities > Asia > South Asia > India > West India > Rajasthan
World Localities > Asia > South Asia > India > West India > Rajasthan > Jaipur
World Localities > Asia > South Asia > Indian Ocean Islands
World Localities > Asia > South Asia > Indian Ocean Islands > Maldives
World Localities > Asia > South Asia > Indian Ocean Islands > Réunion
World Localities > Asia > South Asia > Nepal
World Localities > Asia > South Asia > Pakistan
World Localities > Asia > South Asia > Pakistan > Karachi
World Localities > Asia > South Asia > Pakistan > Lahore
World Localities > Asia > South Asia > Sri Lanka
World Localities > Asia > Southeast Asia
World Localities > Asia > Southeast Asia > Brunei
World Localities > Asia > Southeast Asia > Cambodia
World Localities > Asia > Southeast Asia > East Timor
World Localities > Asia > Southeast Asia > Indonesia
World Localities > Asia > Southeast Asia > Indonesia > Java (Indonesia)
World Localities > Asia > Southeast Asia > Indonesia > Java (Indonesia) > Bandung
World Localities > Asia > Southeast Asia > Indonesia > Java (Indonesia) > Jakarta
World Localities > Asia > Southeast Asia > Indonesia > Kalimantan
World Localities > Asia > Southeast Asia > Indonesia > Maluku Islands
World Localities > Asia > Southeast Asia > Indonesia > Nusa Tenggara
World Localities > Asia > Southeast Asia > Indonesia > Nusa Tenggara > Bali
World Localities > Asia > Southeast Asia > Indonesia > Sulawesi
World Localities > Asia > Southeast Asia > Indonesia > Sumatra
World Localities > Asia > Southeast Asia > Indonesia > Western New Guinea
World Localities > Asia > Southeast Asia > Laos
World Localities > Asia > Southeast Asia > Malaysia
World Localities > Asia > Southeast Asia > Malaysia > Kuala Lumpur
World Localities > Asia > Southeast Asia > Malaysia > Penang
World Localities > Asia > Southeast Asia > Myanmar
World Localities > Asia > Southeast Asia > Philippines
World Localities > Asia > Southeast Asia > Philippines > Cebu
World Localities > Asia > Southeast Asia > Philippines > Manila
World Localities > Asia > Southeast Asia > Singapore
World Localities > Asia > Southeast Asia > Thailand
World Localities > Asia > Southeast Asia > Thailand > Bangkok
World Localities > Asia > Southeast Asia > Thailand > Chiang Mai
World Localities > Asia > Southeast Asia > Thailand > Pattaya
World Localities > Asia > Southeast Asia > Thailand > Southern Thailand
World Localities > Asia > Southeast Asia > Thailand > Southern Thailand > Phuket
World Localities > Asia > Southeast Asia > Viet Nam
World Localities > Asia > Southeast Asia > Viet Nam > Hanoi
World Localities > Asia > Southeast Asia > Viet Nam > Ho Chi Minh City
World Localities > Asia > West Asia
World Localities > Asia > West Asia > Bahrain
World Localities > Asia > West Asia > Iran
World Localities > Asia > West Asia > Iran > Tehran
World Localities > Asia > West Asia > Iraq
World Localities > Asia > West Asia > Israel
World Localities > Asia > West Asia > Israel > Jerusalem
World Localities > Asia > West Asia > Israel > Tel Aviv
World Localities > Asia > West Asia > Jordan
World Localities > Asia > West Asia > Kuwait
World Localities > Asia > West Asia > Lebanon
World Localities > Asia > West Asia > Oman
World Localities > Asia > West Asia > Palestine
World Localities > Asia > West Asia > Qatar
World Localities > Asia > West Asia > Qatar > Doha
World Localities > Asia > West Asia > Saudi Arabia
World Localities > Asia > West Asia > Saudi Arabia > Jeddah
World Localities > Asia > West Asia > Saudi Arabia > Riyadh
World Localities > Asia > West Asia > Syria
World Localities > Asia > West Asia > Turkey
World Localities > Asia > West Asia > Turkey > Aegean Turkey
World Localities > Asia > West Asia > Turkey > Aegean Turkey > Izmir
World Localities > Asia > West Asia > Turkey > Aegean Turkey > Muğla
World Localities > Asia > West Asia > Turkey > Aegean Turkey > Muğla > Bodrum
World Localities > Asia > West Asia > Turkey > Aegean Turkey > Pamukkale
World Localities > Asia > West Asia > Turkey > Black Sea Turkey
World Localities > Asia > West Asia > Turkey > Central Anatolia
World Localities > Asia > West Asia > Turkey > Central Anatolia > Ankara
World Localities > Asia > West Asia > Turkey > Central Anatolia > Cappadocia
World Localities > Asia > West Asia > Turkey > Central Anatolia > Konya
World Localities > Asia > West Asia > Turkey > Eastern Anatolia
World Localities > Asia > West Asia > Turkey > Marmara Region
World Localities > Asia > West Asia > Turkey > Marmara Region > Bursa
World Localities > Asia > West Asia > Turkey > Marmara Region > Istanbul
World Localities > Asia > West Asia > Turkey > Mediterranean Turkey
World Localities > Asia > West Asia > Turkey > Mediterranean Turkey > Adana
World Localities > Asia > West Asia > Turkey > Mediterranean Turkey > Antalya
World Localities > Asia > West Asia > Turkey > Mediterranean Turkey > Mersin
World Localities > Asia > West Asia > Turkey > Southeastern Anatolia
World Localities > Asia > West Asia > United Arab Emirates
World Localities > Asia > West Asia > United Arab Emirates > Abu Dhabi
World Localities > Asia > West Asia > United Arab Emirates > Dubai
World Localities > Asia > West Asia > Yemen
World Localities > Europe
World Localities > Europe > Central & Eastern Europe
World Localities > Europe > Central & Eastern Europe > Austria
World Localities > Europe > Central & Eastern Europe > Austria > Burgenland
World Localities > Europe > Central & Eastern Europe > Austria > Carinthia
World Localities > Europe > Central & Eastern Europe > Austria > Lower Austria
World Localities > Europe > Central & Eastern Europe > Austria > Salzburg
World Localities > Europe > Central & Eastern Europe > Austria > Styria
World Localities > Europe > Central & Eastern Europe > Austria > Tyrol
World Localities > Europe > Central & Eastern Europe > Austria > Upper Austria
World Localities > Europe > Central & Eastern Europe > Austria > Vienna
World Localities > Europe > Central & Eastern Europe > Austria > Vorarlberg
World Localities > Europe > Central & Eastern Europe > Baltics
World Localities > Europe > Central & Eastern Europe > Baltics > Estonia
World Localities > Europe > Central & Eastern Europe > Baltics > Latvia
World Localities > Europe > Central & Eastern Europe > Baltics > Lithuania
World Localities > Europe > Central & Eastern Europe > Czech Republic
World Localities > Europe > Central & Eastern Europe > Czech Republic > Prague
World Localities > Europe > Central & Eastern Europe > Eastern Europe
World Localities > Europe > Central & Eastern Europe > Eastern Europe > Belarus
World Localities > Europe > Central & Eastern Europe > Eastern Europe > Moldova
World Localities > Europe > Central & Eastern Europe > Eastern Europe > Ukraine
World Localities > Europe > Central & Eastern Europe > Eastern Europe > Ukraine > Crimea
World Localities > Europe > Central & Eastern Europe > Eastern Europe > Ukraine > Kiev
World Localities > Europe > Central & Eastern Europe > Germany
World Localities > Europe > Central & Eastern Europe > Germany > Baden-Wuerttemberg
World Localities > Europe > Central & Eastern Europe > Germany > Baden-Wuerttemberg > Stuttgart
World Localities > Europe > Central & Eastern Europe > Germany > Bavaria
World Localities > Europe > Central & Eastern Europe > Germany > Bavaria > Munich
World Localities > Europe > Central & Eastern Europe > Germany > Berlin
World Localities > Europe > Central & Eastern Europe > Germany > Brandenburg
World Localities > Europe > Central & Eastern Europe > Germany > Bremen
World Localities > Europe > Central & Eastern Europe > Germany > Hamburg
World Localities > Europe > Central & Eastern Europe > Germany > Hesse
World Localities > Europe > Central & Eastern Europe > Germany > Hesse > Frankfurt
World Localities > Europe > Central & Eastern Europe > Germany > Lower Saxony
World Localities > Europe > Central & Eastern Europe > Germany > Mecklenburg-Vorpommern
World Localities > Europe > Central & Eastern Europe > Germany > North Rhine-Westphalia
World Localities > Europe > Central & Eastern Europe > Germany > North Rhine-Westphalia > Cologne
World Localities > Europe > Central & Eastern Europe > Germany > North Rhine-Westphalia > Dusseldorf
World Localities > Europe > Central & Eastern Europe > Germany > North Rhine-Westphalia > Essen (Ruhr Area)
World Localities > Europe > Central & Eastern Europe > Germany > Rhineland-Palatinate
World Localities > Europe > Central & Eastern Europe > Germany > Saarland
World Localities > Europe > Central & Eastern Europe > Germany > Saxony
World Localities > Europe > Central & Eastern Europe > Germany > Saxony-Anhalt
World Localities > Europe > Central & Eastern Europe > Germany > Schleswig-Holstein
World Localities > Europe > Central & Eastern Europe > Germany > Thuringia
World Localities > Europe > Central & Eastern Europe > Hungary
World Localities > Europe > Central & Eastern Europe > Hungary > Budapest
World Localities > Europe > Central & Eastern Europe > Liechtenstein
World Localities > Europe > Central & Eastern Europe > Poland
World Localities > Europe > Central & Eastern Europe > Poland > Katowice (Upper Silesian)
World Localities > Europe > Central & Eastern Europe > Poland > Krakow
World Localities > Europe > Central & Eastern Europe > Poland > Warsaw
World Localities > Europe > Central & Eastern Europe > Poland > Wroclaw
World Localities > Europe > Central & Eastern Europe > Poland > Łódź
World Localities > Europe > Central & Eastern Europe > Slovakia
World Localities > Europe > Central & Eastern Europe > Slovenia
World Localities > Europe > Central & Eastern Europe > Switzerland
World Localities > Europe > Central & Eastern Europe > Switzerland > Geneva
World Localities > Europe > Central & Eastern Europe > Switzerland > Zurich
World Localities > Europe > Mediterranean Europe
World Localities > Europe > Mediterranean Europe > Cyprus
World Localities > Europe > Mediterranean Europe > Italy
World Localities > Europe > Mediterranean Europe > Italy > Abruzzo
World Localities > Europe > Mediterranean Europe > Italy > Aosta Valley
World Localities > Europe > Mediterranean Europe > Italy > Basilicata
World Localities > Europe > Mediterranean Europe > Italy > Calabria
World Localities > Europe > Mediterranean Europe > Italy > Campania
World Localities > Europe > Mediterranean Europe > Italy > Campania > Naples
World Localities > Europe > Mediterranean Europe > Italy > Campania > Salerno & Amalfi Coast
World Localities > Europe > Mediterranean Europe > Italy > Emilia-Romagna
World Localities > Europe > Mediterranean Europe > Italy > Emilia-Romagna > Bologna
World Localities > Europe > Mediterranean Europe > Italy > Friuli-Venezia Giulia
World Localities > Europe > Mediterranean Europe > Italy > Lazio
World Localities > Europe > Mediterranean Europe > Italy > Lazio > Rome
World Localities > Europe > Mediterranean Europe > Italy > Liguria
World Localities > Europe > Mediterranean Europe > Italy > Liguria > Genoa
World Localities > Europe > Mediterranean Europe > Italy > Lombardy
World Localities > Europe > Mediterranean Europe > Italy > Lombardy > Milan
World Localities > Europe > Mediterranean Europe > Italy > Marche
World Localities > Europe > Mediterranean Europe > Italy > Molise
World Localities > Europe > Mediterranean Europe > Italy > Piedmont
World Localities > Europe > Mediterranean Europe > Italy > Piedmont > Turin
World Localities > Europe > Mediterranean Europe > Italy > Puglia
World Localities > Europe > Mediterranean Europe > Italy > Puglia > Bari
World Localities > Europe > Mediterranean Europe > Italy > Sardinia
World Localities > Europe > Mediterranean Europe > Italy > Sicily
World Localities > Europe > Mediterranean Europe > Italy > Sicily > Palermo
World Localities > Europe > Mediterranean Europe > Italy > Trentino-Alto Adige
World Localities > Europe > Mediterranean Europe > Italy > Tuscany
World Localities > Europe > Mediterranean Europe > Italy > Tuscany > Florence
World Localities > Europe > Mediterranean Europe > Italy > Umbria
World Localities > Europe > Mediterranean Europe > Italy > Veneto
World Localities > Europe > Mediterranean Europe > Italy > Veneto > Venice
World Localities > Europe > Mediterranean Europe > Malta
World Localities > Europe > Mediterranean Europe > Monaco
World Localities > Europe > Mediterranean Europe > Portugal
World Localities > Europe > Mediterranean Europe > Portugal > Algarve
World Localities > Europe > Mediterranean Europe > Portugal > Azores & Madeira
World Localities > Europe > Mediterranean Europe > Portugal > Lisbon
World Localities > Europe > Mediterranean Europe > Portugal > Porto
World Localities > Europe > Mediterranean Europe > San Marino
World Localities > Europe > Mediterranean Europe > Spain
World Localities > Europe > Mediterranean Europe > Spain > Andalucia
World Localities > Europe > Mediterranean Europe > Spain > Andalucia > Cordoba
World Localities > Europe > Mediterranean Europe > Spain > Andalucia > Cádiz
World Localities > Europe > Mediterranean Europe > Spain > Andalucia > Granada
World Localities > Europe > Mediterranean Europe > Spain > Andalucia > Málaga
World Localities > Europe > Mediterranean Europe > Spain > Andalucia > Seville
World Localities > Europe > Mediterranean Europe > Spain > Aragon
World Localities > Europe > Mediterranean Europe > Spain > Asturias
World Localities > Europe > Mediterranean Europe > Spain > Balearic Islands
World Localities > Europe > Mediterranean Europe > Spain > Basque Country
World Localities > Europe > Mediterranean Europe > Spain > Basque Country > Bilbao
World Localities > Europe > Mediterranean Europe > Spain > Canary Islands
World Localities > Europe > Mediterranean Europe > Spain > Cantabria
World Localities > Europe > Mediterranean Europe > Spain > Castile and León
World Localities > Europe > Mediterranean Europe > Spain > Castile-La Mancha
World Localities > Europe > Mediterranean Europe > Spain > Catalonia
World Localities > Europe > Mediterranean Europe > Spain > Catalonia > Barcelona
World Localities > Europe > Mediterranean Europe > Spain > Extremadura
World Localities > Europe > Mediterranean Europe > Spain > Galicia
World Localities > Europe > Mediterranean Europe > Spain > La Rioja
World Localities > Europe > Mediterranean Europe > Spain > Madrid
World Localities > Europe > Mediterranean Europe > Spain > Murcia
World Localities > Europe > Mediterranean Europe > Spain > Navarra
World Localities > Europe > Mediterranean Europe > Spain > Valencian Community
World Localities > Europe > Mediterranean Europe > Spain > Valencian Community > Alicante
World Localities > Europe > Mediterranean Europe > Spain > Valencian Community > Valencia
World Localities > Europe > Mediterranean Europe > Vatican City
World Localities > Europe > Nordic Countries
World Localities > Europe > Nordic Countries > Denmark
World Localities > Europe > Nordic Countries > Denmark > Copenhagen
World Localities > Europe > Nordic Countries > Finland
World Localities > Europe > Nordic Countries > Finland > Helsinki
World Localities > Europe > Nordic Countries > Greenland
World Localities > Europe > Nordic Countries > Iceland
World Localities > Europe > Nordic Countries > Norway
World Localities > Europe > Nordic Countries > Norway > Oslo
World Localities > Europe > Nordic Countries > Sweden
World Localities > Europe > Nordic Countries > Sweden > Stockholm
World Localities > Europe > Southeastern Europe
World Localities > Europe > Southeastern Europe > Albania
World Localities > Europe > Southeastern Europe > Bosnia and Herzegovina
World Localities > Europe > Southeastern Europe > Bulgaria
World Localities > Europe > Southeastern Europe > Bulgaria > Sofia
World Localities > Europe > Southeastern Europe > Croatia
World Localities > Europe > Southeastern Europe > Greece
World Localities > Europe > Southeastern Europe > Greece > Aegean Islands
World Localities > Europe > Southeastern Europe > Greece > Athens
World Localities > Europe > Southeastern Europe > Greece > Crete
World Localities > Europe > Southeastern Europe > Kosovo
World Localities > Europe > Southeastern Europe > Montenegro
World Localities > Europe > Southeastern Europe > North Macedonia
World Localities > Europe > Southeastern Europe > Romania
World Localities > Europe > Southeastern Europe > Romania > Bucharest
World Localities > Europe > Southeastern Europe > Serbia
World Localities > Europe > Western Europe
World Localities > Europe > Western Europe > Andorra
World Localities > Europe > Western Europe > Benelux
World Localities > Europe > Western Europe > Benelux > Belgium
World Localities > Europe > Western Europe > Benelux > Belgium > Brussels
World Localities > Europe > Western Europe > Benelux > Belgium > Flanders
World Localities > Europe > Western Europe > Benelux > Belgium > Wallonia
World Localities > Europe > Western Europe > Benelux > Luxembourg
World Localities > Europe > Western Europe > Benelux > Netherlands
World Localities > Europe > Western Europe > Benelux > Netherlands > Drenthe
World Localities > Europe > Western Europe > Benelux > Netherlands > Flevoland
World Localities > Europe > Western Europe > Benelux > Netherlands > Friesland
World Localities > Europe > Western Europe > Benelux > Netherlands > Gelderland
World Localities > Europe > Western Europe > Benelux > Netherlands > Groningen
World Localities > Europe > Western Europe > Benelux > Netherlands > Limburg
World Localities > Europe > Western Europe > Benelux > Netherlands > North Brabant
World Localities > Europe > Western Europe > Benelux > Netherlands > North Holland
World Localities > Europe > Western Europe > Benelux > Netherlands > North Holland > Amsterdam
World Localities > Europe > Western Europe > Benelux > Netherlands > Overijssel
World Localities > Europe > Western Europe > Benelux > Netherlands > South Holland
World Localities > Europe > Western Europe > Benelux > Netherlands > South Holland > Rotterdam
World Localities > Europe > Western Europe > Benelux > Netherlands > Utrecht
World Localities > Europe > Western Europe > Benelux > Netherlands > Zeeland
World Localities > Europe > Western Europe > France
World Localities > Europe > Western Europe > France > Central France
World Localities > Europe > Western Europe > France > Central France > Centre-Val De Loire
World Localities > Europe > Western Europe > France > East France
World Localities > Europe > Western Europe > France > East France > Bourgogne-Franche-Comté
World Localities > Europe > Western Europe > France > East France > Bourgogne-Franche-Comté > Burgundy
World Localities > Europe > Western Europe > France > East France > Bourgogne-Franche-Comté > Franche-Comté
World Localities > Europe > Western Europe > France > East France > Grand-Est
World Localities > Europe > Western Europe > France > East France > Grand-Est > Alsace
World Localities > Europe > Western Europe > France > East France > Grand-Est > Alsace > Strasbourg
World Localities > Europe > Western Europe > France > East France > Grand-Est > Champagne-Ardenne
World Localities > Europe > Western Europe > France > East France > Grand-Est > Lorraine
World Localities > Europe > Western Europe > France > French Overseas (DOM-TOM)
World Localities > Europe > Western Europe > France > North France
World Localities > Europe > Western Europe > France > North France > Hauts-de-France
World Localities > Europe > Western Europe > France > North France > Hauts-de-France > Nord-Pas-de-Calais
World Localities > Europe > Western Europe > France > North France > Hauts-de-France > Nord-Pas-de-Calais > Lille
World Localities > Europe > Western Europe > France > North France > Hauts-de-France > Picardy
World Localities > Europe > Western Europe > France > North France > Normandy
World Localities > Europe > Western Europe > France > North France > Normandy > Lower Normandy
World Localities > Europe > Western Europe > France > North France > Normandy > Upper Normandy
World Localities > Europe > Western Europe > France > South East France
World Localities > Europe > Western Europe > France > South East France > Auvergne-Rhône-Alpes
World Localities > Europe > Western Europe > France > South East France > Auvergne-Rhône-Alpes > Auvergne
World Localities > Europe > Western Europe > France > South East France > Auvergne-Rhône-Alpes > Rhône-Alpes
World Localities > Europe > Western Europe > France > South East France > Auvergne-Rhône-Alpes > Rhône-Alpes > Lyon
World Localities > Europe > Western Europe > France > South East France > Corsica
World Localities > Europe > Western Europe > France > South East France > Provence-Alpes-Côte d'Azur
World Localities > Europe > Western Europe > France > South East France > Provence-Alpes-Côte d'Azur > Marseille
World Localities > Europe > Western Europe > France > South East France > Provence-Alpes-Côte d'Azur > Nice
World Localities > Europe > Western Europe > France > South West France
World Localities > Europe > Western Europe > France > South West France > Nouvelle-Aquitaine
World Localities > Europe > Western Europe > France > South West France > Nouvelle-Aquitaine > Aquitaine
World Localities > Europe > Western Europe > France > South West France > Nouvelle-Aquitaine > Aquitaine > Bordeaux
World Localities > Europe > Western Europe > France > South West France > Nouvelle-Aquitaine > Limousin
World Localities > Europe > Western Europe > France > South West France > Nouvelle-Aquitaine > Poitou-Charentes
World Localities > Europe > Western Europe > France > South West France > Occitanie
World Localities > Europe > Western Europe > France > South West France > Occitanie > Languedoc-Roussillon
World Localities > Europe > Western Europe > France > South West France > Occitanie > Languedoc-Roussillon > Montpellier
World Localities > Europe > Western Europe > France > South West France > Occitanie > Midi-Pyrénées
World Localities > Europe > Western Europe > France > South West France > Occitanie > Midi-Pyrénées > Toulouse
World Localities > Europe > Western Europe > France > West France
World Localities > Europe > Western Europe > France > West France > Brittany
World Localities > Europe > Western Europe > France > West France > Brittany > Rennes
World Localities > Europe > Western Europe > France > West France > Pays de la Loire
World Localities > Europe > Western Europe > France > West France > Pays de la Loire > Nantes
World Localities > Europe > Western Europe > France > Île-de-France
World Localities > Europe > Western Europe > France > Île-de-France > Paris
World Localities > Europe > Western Europe > Ireland
World Localities > Europe > Western Europe > Ireland > Dublin
World Localities > Europe > Western Europe > United Kingdom
World Localities > Europe > Western Europe > United Kingdom > England
World Localities > Europe > Western Europe > United Kingdom > England > East Midlands
World Localities > Europe > Western Europe > United Kingdom > England > East of England
World Localities > Europe > Western Europe > United Kingdom > England > London (UK)
World Localities > Europe > Western Europe > United Kingdom > England > North East England
World Localities > Europe > Western Europe > United Kingdom > England > North West England
World Localities > Europe > Western Europe > United Kingdom > England > North West England > Liverpool
World Localities > Europe > Western Europe > United Kingdom > England > North West England > Manchester
World Localities > Europe > Western Europe > United Kingdom > England > South East England
World Localities > Europe > Western Europe > United Kingdom > England > South West England
World Localities > Europe > Western Europe > United Kingdom > England > South West England > Bristol
World Localities > Europe > Western Europe > United Kingdom > England > West Midlands
World Localities > Europe > Western Europe > United Kingdom > England > West Midlands > Birmingham (UK)
World Localities > Europe > Western Europe > United Kingdom > England > Yorkshire
World Localities > Europe > Western Europe > United Kingdom > England > Yorkshire > Leeds-Bradford
World Localities > Europe > Western Europe > United Kingdom > England > Yorkshire > Sheffield
World Localities > Europe > Western Europe > United Kingdom > Northern Ireland
World Localities > Europe > Western Europe > United Kingdom > Scotland
World Localities > Europe > Western Europe > United Kingdom > Scotland > Edinburgh
World Localities > Europe > Western Europe > United Kingdom > Scotland > Glasgow
World Localities > Europe > Western Europe > United Kingdom > Wales
World Localities > Latin America
World Localities > Latin America > Caribbean
World Localities > Latin America > Caribbean > Antigua & Barbuda
World Localities > Latin America > Caribbean > Aruba, Bonaire & Curaçao
World Localities > Latin America > Caribbean > Bahamas
World Localities > Latin America > Caribbean > Bahamas > Nassau
World Localities > Latin America > Caribbean > Barbados
World Localities > Latin America > Caribbean > Cayman Islands
World Localities > Latin America > Caribbean > Cuba
World Localities > Latin America > Caribbean > Dominica
World Localities > Latin America > Caribbean > Dominican Republic
World Localities > Latin America > Caribbean > Grenada
World Localities > Latin America > Caribbean > Guadeloupe
World Localities > Latin America > Caribbean > Haiti
World Localities > Latin America > Caribbean > Jamaica
World Localities > Latin America > Caribbean > Martinique
World Localities > Latin America > Caribbean > Puerto Rico
World Localities > Latin America > Caribbean > Saint Kitts & Nevis
World Localities > Latin America > Caribbean > Saint Lucia
World Localities > Latin America > Caribbean > Saint Vincent & Grenadines
World Localities > Latin America > Caribbean > Trinidad & Tobago
World Localities > Latin America > Caribbean > Virgin Islands
World Localities > Latin America > Central America
World Localities > Latin America > Central America > Belize
World Localities > Latin America > Central America > Costa Rica
World Localities > Latin America > Central America > El Salvador
World Localities > Latin America > Central America > Guatemala
World Localities > Latin America > Central America > Honduras
World Localities > Latin America > Central America > Mexico
World Localities > Latin America > Central America > Mexico > Baja California
World Localities > Latin America > Central America > Mexico > Baja California > Los Cabos
World Localities > Latin America > Central America > Mexico > Baja California > Tijuana
World Localities > Latin America > Central America > Mexico > Central Mexico
World Localities > Latin America > Central America > Mexico > Central Mexico > Cuernavaca (Morelos)
World Localities > Latin America > Central America > Mexico > Central Mexico > Guanajuato
World Localities > Latin America > Central America > Mexico > Central Mexico > Mexico City
World Localities > Latin America > Central America > Mexico > Central Mexico > Mexico State
World Localities > Latin America > Central America > Mexico > Central Mexico > Puebla
World Localities > Latin America > Central America > Mexico > Central Mexico > Veracruz
World Localities > Latin America > Central America > Mexico > Northern Mexico
World Localities > Latin America > Central America > Mexico > Northern Mexico > Chihuahua
World Localities > Latin America > Central America > Mexico > Northern Mexico > Nuevo León
World Localities > Latin America > Central America > Mexico > Northern Mexico > Nuevo León > Monterrey
World Localities > Latin America > Central America > Mexico > Northern Mexico > Tamaulipas
World Localities > Latin America > Central America > Mexico > Pacific Coast (Mexico)
World Localities > Latin America > Central America > Mexico > Pacific Coast (Mexico) > Chiapas
World Localities > Latin America > Central America > Mexico > Pacific Coast (Mexico) > Guerrero
World Localities > Latin America > Central America > Mexico > Pacific Coast (Mexico) > Guerrero > Acapulco
World Localities > Latin America > Central America > Mexico > Pacific Coast (Mexico) > Jalisco
World Localities > Latin America > Central America > Mexico > Pacific Coast (Mexico) > Jalisco > Guadalajara
World Localities > Latin America > Central America > Mexico > Pacific Coast (Mexico) > Jalisco > Puerto Vallarta
World Localities > Latin America > Central America > Mexico > Pacific Coast (Mexico) > Michoacán
World Localities > Latin America > Central America > Mexico > Pacific Coast (Mexico) > Oaxaca
World Localities > Latin America > Central America > Mexico > Pacific Coast (Mexico) > Sinaloa
World Localities > Latin America > Central America > Mexico > Yucatán Peninsula
World Localities > Latin America > Central America > Mexico > Yucatán Peninsula > Quintana Roo
World Localities > Latin America > Central America > Mexico > Yucatán Peninsula > Quintana Roo > Cancún & Riviera Maya
World Localities > Latin America > Central America > Mexico > Yucatán Peninsula > Yucatán
World Localities > Latin America > Central America > Mexico > Yucatán Peninsula > Yucatán > Mérida
World Localities > Latin America > Central America > Nicaragua
World Localities > Latin America > Central America > Panama
World Localities > Latin America > South America
World Localities > Latin America > South America > Argentina
World Localities > Latin America > South America > Argentina > Buenos Aires
World Localities > Latin America > South America > Bolivia
World Localities > Latin America > South America > Brazil
World Localities > Latin America > South America > Brazil > Central West Brazil
World Localities > Latin America > South America > Brazil > Central West Brazil > Brasilia
World Localities > Latin America > South America > Brazil > Central West Brazil > Goiás
World Localities > Latin America > South America > Brazil > Central West Brazil > Mato Grosso
World Localities > Latin America > South America > Brazil > Central West Brazil > Mato Grosso do Sul
World Localities > Latin America > South America > Brazil > North Brazil
World Localities > Latin America > South America > Brazil > North Brazil > Amazonas
World Localities > Latin America > South America > Brazil > North Brazil > Pará
World Localities > Latin America > South America > Brazil > North Brazil > Rondônia
World Localities > Latin America > South America > Brazil > North Brazil > Tocantins
World Localities > Latin America > South America > Brazil > Northeast Brazil
World Localities > Latin America > South America > Brazil > Northeast Brazil > Alagoas
World Localities > Latin America > South America > Brazil > Northeast Brazil > Bahia
World Localities > Latin America > South America > Brazil > Northeast Brazil > Bahia > Salvador
World Localities > Latin America > South America > Brazil > Northeast Brazil > Ceará
World Localities > Latin America > South America > Brazil > Northeast Brazil > Ceará > Fortaleza
World Localities > Latin America > South America > Brazil > Northeast Brazil > Maranhão
World Localities > Latin America > South America > Brazil > Northeast Brazil > Paraíba
World Localities > Latin America > South America > Brazil > Northeast Brazil > Pernambuco
World Localities > Latin America > South America > Brazil > Northeast Brazil > Pernambuco > Recife
World Localities > Latin America > South America > Brazil > Northeast Brazil > Piauí
World Localities > Latin America > South America > Brazil > Northeast Brazil > Rio Grande do Norte
World Localities > Latin America > South America > Brazil > Northeast Brazil > Sergipe
World Localities > Latin America > South America > Brazil > South Brazil
World Localities > Latin America > South America > Brazil > South Brazil > Paraná
World Localities > Latin America > South America > Brazil > South Brazil > Rio Grande do Sul
World Localities > Latin America > South America > Brazil > South Brazil > Rio Grande do Sul > Porto Alegre
World Localities > Latin America > South America > Brazil > South Brazil > Santa Catarina
World Localities > Latin America > South America > Brazil > Southeast Brazil
World Localities > Latin America > South America > Brazil > Southeast Brazil > Espirito Santo
World Localities > Latin America > South America > Brazil > Southeast Brazil > Minas Gerais
World Localities > Latin America > South America > Brazil > Southeast Brazil > Minas Gerais > Belo Horizonte
World Localities > Latin America > South America > Brazil > Southeast Brazil > Rio de Janeiro
World Localities > Latin America > South America > Brazil > Southeast Brazil > São Paulo (State)
World Localities > Latin America > South America > Brazil > Southeast Brazil > São Paulo (State) > São Paulo
World Localities > Latin America > South America > Chile
World Localities > Latin America > South America > Chile > Santiago
World Localities > Latin America > South America > Colombia
World Localities > Latin America > South America > Colombia > Bogota
World Localities > Latin America > South America > Ecuador
World Localities > Latin America > South America > Ecuador > Galapagos Islands
World Localities > Latin America > South America > Ecuador > Quito
World Localities > Latin America > South America > French Guiana
World Localities > Latin America > South America > Guyana
World Localities > Latin America > South America > Paraguay
World Localities > Latin America > South America > Peru
World Localities > Latin America > South America > Peru > Lima
World Localities > Latin America > South America > Suriname
World Localities > Latin America > South America > Uruguay
World Localities > Latin America > South America > Venezuela
World Localities > Latin America > South America > Venezuela > Caracas
World Localities > Middle East
World Localities > North America
World Localities > North America > Bermuda
World Localities > North America > Canada
World Localities > North America > Canada > Atlantic Provinces
World Localities > North America > Canada > Atlantic Provinces > New Brunswick
World Localities > North America > Canada > Atlantic Provinces > Newfoundland & Labrador
World Localities > North America > Canada > Atlantic Provinces > Nova Scotia
World Localities > North America > Canada > Atlantic Provinces > Nova Scotia > Halifax
World Localities > North America > Canada > Atlantic Provinces > Prince Edward Island
World Localities > North America > Canada > British Columbia
World Localities > North America > Canada > British Columbia > Vancouver
World Localities > North America > Canada > British Columbia > Victoria (BC)
World Localities > North America > Canada > Canadian Prairies
World Localities > North America > Canada > Canadian Prairies > Alberta
World Localities > North America > Canada > Canadian Prairies > Alberta > Calgary
World Localities > North America > Canada > Canadian Prairies > Alberta > Edmonton
World Localities > North America > Canada > Canadian Prairies > Manitoba
World Localities > North America > Canada > Canadian Prairies > Manitoba > Winnipeg
World Localities > North America > Canada > Canadian Prairies > Saskatchewan
World Localities > North America > Canada > Northern Territories
World Localities > North America > Canada > Ontario
World Localities > North America > Canada > Ontario > Greater Toronto
World Localities > North America > Canada > Ontario > Hamilton-Niagara Peninsula
World Localities > North America > Canada > Ontario > Ottawa-Gatineau
World Localities > North America > Canada > Ontario > Southwestern Ontario
World Localities > North America > Canada > Quebec
World Localities > North America > Canada > Quebec > Montreal
World Localities > North America > Canada > Quebec > Quebec City
World Localities > North America > USA
World Localities > North America > USA > Alaska
World Localities > North America > USA > California
World Localities > North America > USA > California > California Central Coast
World Localities > North America > USA > California > Lake Tahoe
World Localities > North America > USA > California > Sacramento Valley
World Localities > North America > USA > California > San Francisco Bay Area
World Localities > North America > USA > California > San Joaquin Valley
World Localities > North America > USA > California > Silicon Valley
World Localities > North America > USA > California > Southern California
World Localities > North America > USA > California > Southern California > Inland Empire
World Localities > North America > USA > California > Southern California > Los Angeles
World Localities > North America > USA > California > Southern California > Orange County (CA)
World Localities > North America > USA > California > Southern California > San Diego
World Localities > North America > USA > Florida
World Localities > North America > USA > Florida > Central Florida
World Localities > North America > USA > Florida > Central Florida > Deltona-Daytona Beach
World Localities > North America > USA > Florida > Central Florida > Greater Orlando
World Localities > North America > USA > Florida > Central Florida > Tampa Bay Area
World Localities > North America > USA > Florida > Florida Panhandle
World Localities > North America > USA > Florida > Florida Panhandle > Pensacola
World Localities > North America > USA > Florida > Florida Panhandle > Tallahassee
World Localities > North America > USA > Florida > North Florida
World Localities > North America > USA > Florida > North Florida > Jacksonville
World Localities > North America > USA > Florida > Southern Florida
World Localities > North America > USA > Florida > Southern Florida > Florida Keys
World Localities > North America > USA > Florida > Southern Florida > Fort Myers-Cape Coral
World Localities > North America > USA > Florida > Southern Florida > South Florida Metro
World Localities > North America > USA > Florida > Southern Florida > South Florida Metro > Broward-Fort Lauderdale
World Localities > North America > USA > Florida > Southern Florida > South Florida Metro > Miami-Dade
World Localities > North America > USA > Florida > Southern Florida > South Florida Metro > West Palm Beach-Boca Raton
World Localities > North America > USA > Great Plains (USA)
World Localities > North America > USA > Great Plains (USA) > Kansas
World Localities > North America > USA > Great Plains (USA) > Nebraska
World Localities > North America > USA > Great Plains (USA) > Nebraska > Omaha
World Localities > North America > USA > Great Plains (USA) > North Dakota
World Localities > North America > USA > Great Plains (USA) > Oklahoma
World Localities > North America > USA > Great Plains (USA) > Oklahoma > Oklahoma City
World Localities > North America > USA > Great Plains (USA) > Oklahoma > Tulsa
World Localities > North America > USA > Great Plains (USA) > South Dakota
World Localities > North America > USA > Hawaii
World Localities > North America > USA > Hawaii > Big Island (Hawaii)
World Localities > North America > USA > Hawaii > Kauai
World Localities > North America > USA > Hawaii > Maui
World Localities > North America > USA > Hawaii > Oahu
World Localities > North America > USA > Mid-Atlantic (USA)
World Localities > North America > USA > Mid-Atlantic (USA) > Delaware
World Localities > North America > USA > Mid-Atlantic (USA) > Maryland
World Localities > North America > USA > Mid-Atlantic (USA) > Maryland > Baltimore Metro
World Localities > North America > USA > Mid-Atlantic (USA) > Maryland > Ocean City (MD)
World Localities > North America > USA > Mid-Atlantic (USA) > New Jersey
World Localities > North America > USA > Mid-Atlantic (USA) > New Jersey > Atlantic City
World Localities > North America > USA > Mid-Atlantic (USA) > New York State
World Localities > North America > USA > Mid-Atlantic (USA) > New York State > Albany-Capital District
World Localities > North America > USA > Mid-Atlantic (USA) > New York State > Buffalo-Niagara Falls
World Localities > North America > USA > Mid-Atlantic (USA) > New York State > New York City
World Localities > North America > USA > Mid-Atlantic (USA) > New York State > Rochester-Finger Lakes
World Localities > North America > USA > Mid-Atlantic (USA) > Pennsylvania
World Localities > North America > USA > Mid-Atlantic (USA) > Pennsylvania > Harrisburg-South Central PA
World Localities > North America > USA > Mid-Atlantic (USA) > Pennsylvania > Philadelphia
World Localities > North America > USA > Mid-Atlantic (USA) > Pennsylvania > Pittsburgh
World Localities > North America > USA > Mid-Atlantic (USA) > Washington DC
World Localities > North America > USA > Midwest (USA)
World Localities > North America > USA > Midwest (USA) > Illinois
World Localities > North America > USA > Midwest (USA) > Illinois > Chicago
World Localities > North America > USA > Midwest (USA) > Indiana
World Localities > North America > USA > Midwest (USA) > Indiana > Indianapolis
World Localities > North America > USA > Midwest (USA) > Iowa
World Localities > North America > USA > Midwest (USA) > Michigan
World Localities > North America > USA > Midwest (USA) > Michigan > Detroit
World Localities > North America > USA > Midwest (USA) > Michigan > Grand Rapids-West Michigan
World Localities > North America > USA > Midwest (USA) > Minnesota
World Localities > North America > USA > Midwest (USA) > Minnesota > Minneapolis-Saint Paul
World Localities > North America > USA > Midwest (USA) > Missouri
World Localities > North America > USA > Midwest (USA) > Missouri > Greater St. Louis
World Localities > North America > USA > Midwest (USA) > Missouri > Kansas City
World Localities > North America > USA > Midwest (USA) > Ohio
World Localities > North America > USA > Midwest (USA) > Ohio > Cincinnati
World Localities > North America > USA > Midwest (USA) > Ohio > Columbus (OH)
World Localities > North America > USA > Midwest (USA) > Ohio > Greater Cleveland
World Localities > North America > USA > Midwest (USA) > Wisconsin
World Localities > North America > USA > Midwest (USA) > Wisconsin > Milwaukee
World Localities > North America > USA > New England
World Localities > North America > USA > New England > Connecticut
World Localities > North America > USA > New England > Connecticut > Greater Hartford
World Localities > North America > USA > New England > Connecticut > New Haven
World Localities > North America > USA > New England > Maine
World Localities > North America > USA > New England > Massachusetts
World Localities > North America > USA > New England > Massachusetts > Boston Metro
World Localities > North America > USA > New England > New Hampshire
World Localities > North America > USA > New England > Rhode Island
World Localities > North America > USA > New England > Rhode Island > Providence
World Localities > North America > USA > New England > Vermont
World Localities > North America > USA > Pacific Northwest
World Localities > North America > USA > Pacific Northwest > Oregon
World Localities > North America > USA > Pacific Northwest > Oregon > Portland (OR)
World Localities > North America > USA > Pacific Northwest > Washington State
World Localities > North America > USA > Pacific Northwest > Washington State > Seattle-Tacoma
World Localities > North America > USA > Rocky Mountains
World Localities > North America > USA > Rocky Mountains > Colorado
World Localities > North America > USA > Rocky Mountains > Colorado > Denver
World Localities > North America > USA > Rocky Mountains > Idaho
World Localities > North America > USA > Rocky Mountains > Montana
World Localities > North America > USA > Rocky Mountains > Wyoming
World Localities > North America > USA > South (USA)
World Localities > North America > USA > South (USA) > Alabama
World Localities > North America > USA > South (USA) > Alabama > Birmingham (AL)
World Localities > North America > USA > South (USA) > Arkansas
World Localities > North America > USA > South (USA) > Arkansas > Little Rock
World Localities > North America > USA > South (USA) > Georgia (USA)
World Localities > North America > USA > South (USA) > Georgia (USA) > Atlanta
World Localities > North America > USA > South (USA) > Georgia (USA) > Savannah
World Localities > North America > USA > South (USA) > Kentucky
World Localities > North America > USA > South (USA) > Kentucky > Louisville
World Localities > North America > USA > South (USA) > Louisiana
World Localities > North America > USA > South (USA) > Louisiana > Baton Rouge
World Localities > North America > USA > South (USA) > Louisiana > New Orleans
World Localities > North America > USA > South (USA) > Mississippi
World Localities > North America > USA > South (USA) > North Carolina
World Localities > North America > USA > South (USA) > North Carolina > Charlotte Metro
World Localities > North America > USA > South (USA) > North Carolina > Piedmont Triad
World Localities > North America > USA > South (USA) > North Carolina > Raleigh-Durham
World Localities > North America > USA > South (USA) > South Carolina
World Localities > North America > USA > South (USA) > South Carolina > Greater Charleston (SC)
World Localities > North America > USA > South (USA) > South Carolina > Myrtle Beach & Grand Strand
World Localities > North America > USA > South (USA) > South Carolina > Upstate South Carolina
World Localities > North America > USA > South (USA) > South Carolina > Upstate South Carolina > Greenville
World Localities > North America > USA > South (USA) > Tennessee
World Localities > North America > USA > South (USA) > Tennessee > Gatlinburg
World Localities > North America > USA > South (USA) > Tennessee > Memphis
World Localities > North America > USA > South (USA) > Tennessee > Nashville
World Localities > North America > USA > South (USA) > Virginia
World Localities > North America > USA > South (USA) > Virginia > Richmond-Petersburg
World Localities > North America > USA > South (USA) > Virginia > Virginia Beach-Hampton Roads
World Localities > North America > USA > South (USA) > West Virginia
World Localities > North America > USA > Southwest (USA)
World Localities > North America > USA > Southwest (USA) > Arizona
World Localities > North America > USA > Southwest (USA) > Arizona > Phoenix
World Localities > North America > USA > Southwest (USA) > Arizona > Tucson
World Localities > North America > USA > Southwest (USA) > Nevada
World Localities > North America > USA > Southwest (USA) > Nevada > Las Vegas
World Localities > North America > USA > Southwest (USA) > Nevada > Reno-Sparks
World Localities > North America > USA > Southwest (USA) > New Mexico
World Localities > North America > USA > Southwest (USA) > New Mexico > Albuquerque-Santa Fe
World Localities > North America > USA > Southwest (USA) > Utah
World Localities > North America > USA > Southwest (USA) > Utah > Salt Lake City
World Localities > North America > USA > Texas
World Localities > North America > USA > Texas > Austin-Round Rock
World Localities > North America > USA > Texas > Dallas-Fort Worth
World Localities > North America > USA > Texas > El Paso
World Localities > North America > USA > Texas > Houston
World Localities > North America > USA > Texas > San Antonio
World Localities > Oceania
World Localities > Oceania > Australia
World Localities > Oceania > Australia > New South Wales
World Localities > Oceania > Australia > New South Wales > Canberra
World Localities > Oceania > Australia > New South Wales > Newcastle (AU)
World Localities > Oceania > Australia > New South Wales > Sydney
World Localities > Oceania > Australia > Northern Territory
World Localities > Oceania > Australia > Queensland
World Localities > Oceania > Australia > Queensland > Brisbane
World Localities > Oceania > Australia > Queensland > Cairns
World Localities > Oceania > Australia > Queensland > Gold Coast
World Localities > Oceania > Australia > South Australia
World Localities > Oceania > Australia > South Australia > Adelaide
World Localities > Oceania > Australia > Tasmania
World Localities > Oceania > Australia > Victoria (AU)
World Localities > Oceania > Australia > Victoria (AU) > Melbourne
World Localities > Oceania > Australia > Western Australia
World Localities > Oceania > Australia > Western Australia > Perth
World Localities > Oceania > New Zealand
World Localities > Oceania > New Zealand > Auckland
World Localities > Oceania > New Zealand > Christchurch
World Localities > Oceania > New Zealand > Wellington
World Localities > Oceania > Pacific Islands
World Localities > Oceania > Pacific Islands > Melanesia
World Localities > Oceania > Pacific Islands > Melanesia > Fiji
World Localities > Oceania > Pacific Islands > Melanesia > Papua New Guinea
World Localities > Oceania > Pacific Islands > Micronesia
World Localities > Oceania > Pacific Islands > Micronesia > Guam
World Localities > Oceania > Pacific Islands > Polynesia
World Localities > Oceania > Pacific Islands > Polynesia > Tahiti & Bora Bora
World Localities > Polar Regions